{
  "name": "angular-schema-form-bootstrap",
  "authors": [
    "David Jensen (Textalk) <david.lgj@gmail.com>"
  ],
  "description": "Bootstrap 3 decorator for Angular Schema Form",
  "main": "bootstrap-decorator.min.js",
  "keywords": [
    "angular-schema-form-decorator"
  ],
  "license": "MIT",
  "homepage": "schemaform.io",
  "ignore": [
    "**/.*",
    "node_modules",
    "bower_components",
    "test",
    "tests"
  ],
  "dependencies": {
    "angular-schema-form": ">= 0.8.7"
  },
  "devDependencies": {
    "angular-ui-ace": "bower",
    "angular-schema-form-datepicker": ">= 0.1.0",
    "angular-schema-form-colorpicker": ">= 0.1.0",
    "jquery": "~2.1.1",
    "angular-mocks": ">= 1.2",
    "tx-tinymce": ">= 0.0.5",
    "angular-ui-sortable": ">=0.12.11",
    "bootstrap-vertical-tabs": "~1.2.0"
  },
  "version": "0.2.0",
  "_release": "0.2.0",
  "_resolution": {
    "type": "version",
    "tag": "0.2.0",
    "commit": "cc20d3f44ab0d4c41b8d1e9ca829fc4c3d39563f"
  },
  "_source": "https://github.com/Textalk/angular-schema-form-bootstrap.git",
  "_target": "^0.2.0",
  "_originalSource": "angular-schema-form-bootstrap",
  "_direct": true
}