{
  "name": "angular-schema-form",
  "main": [
    "dist/schema-form.js",
    "dist/bootstrap-decorator.js"
  ],
  "authors": [
    "Textalk",
    "David Jensen <david.lgj@gmail.com>",
    "Cameron Edwards",
    "Mike Marcacci",
    "Denis Dervisevic <denis@dervisevic.se>"
  ],
  "moduleType": [
    "globals"
  ],
  "keywords": [
    "angular",
    "angularjs",
    "form",
    "json",
    "json-schema",
    "schema"
  ],
  "license": "MIT",
  "ignore": [
    "**/.*",
    "*.json",
    "node_modules",
    "bower_components",
    "test",
    "coverage",
    "docs",
    "examples",
    "gulp",
    "CHANGELOG",
    "LICENSE",
    "gulpfile.js",
    "karma.conf.js"
  ],
  "dependencies": {
    "angular": ">= 1.2",
    "tv4": "~1.0.15",
    "angular-sanitize": ">= 1.2",
    "objectpath": "~1.1.0"
  },
  "devDependencies": {
    "angular-ui-ace": "bower",
    "angular-schema-form-datepicker": ">= 0.1.0",
    "angular-schema-form-colorpicker": ">= 0.1.0",
    "jquery": "~2.1.1",
    "angular-mocks": ">= 1.2",
    "tx-tinymce": ">= 0.0.5",
    "angular-ui-sortable": ">=0.12.11",
    "bootstrap-vertical-tabs": "~1.2.0",
    "angular-schema-form-bootstrap": "~0.1.1"
  },
  "homepage": "https://github.com/Textalk/angular-schema-form",
  "version": "0.8.13",
  "_release": "0.8.13",
  "_resolution": {
    "type": "version",
    "tag": "0.8.13",
    "commit": "767c7f3771b328f2fbc1f1462c96665fbf43c879"
  },
  "_source": "https://github.com/Textalk/angular-schema-form.git",
  "_target": ">= 0.8.7",
  "_originalSource": "angular-schema-form"
}