{
  "name": "angular-sanitize",
  "version": "1.3.15",
  "main": "./angular-sanitize.js",
  "ignore": [],
  "dependencies": {
    "angular": "1.3.15"
  },
  "homepage": "https://github.com/angular/bower-angular-sanitize",
  "_release": "1.3.15",
  "_resolution": {
    "type": "version",
    "tag": "v1.3.15",
    "commit": "9a728e87c8da5cf193435dad2fe82e2d188767b0"
  },
  "_source": "https://github.com/angular/bower-angular-sanitize.git",
  "_target": "1.3.15",
  "_originalSource": "angular-sanitize",
  "_direct": true
}